CLASS,TERM,INSTRUCTOR,A,B,C,D,F,P,NP,IX,EW,W,TOTAL,,,,,
MATH2,FALL22,FOSTER M, ,1,1,2,9, ,2, , ,6,21,,,,,
MATH2,FALL22,QUEVEDO,2, ,1, ,4, ,2, , ,20,29,,,,,
MATH2,FALL22,ROSS,4,4,1,1,6,1, , , ,18,35,,,,,
MATH2,FALL22,BOOSHERI, , , ,2,10,1,2, , ,14,29,,,,,
MATH2,FALL22,RODAS,3,2,3,1, , ,1, , ,7,17,,,,,
MATH2,FALL22,LEE, ,1, , ,1, ,1, , ,23,26,,,,,
MATH2,FALL22,PHUA,2, ,2, ,3, , , , ,23,30,,,,,
MATH2,FALL22,CHO,4,2,1, ,1, ,2, ,1,21,32,,,,,
MATH2,FALL22,OUELLETTE, ,2,1, ,9, ,1, , ,16,29,,,,,
MATH2,FALL22,MIANO, ,1,7,4,8,1,2, , ,11,34,,,,,
MATH2,FALL22,HARJUNO,2,3,4,2,11, ,1, , ,15,38,,,,,
MATH2,FALL22,QUEVEDO, , , ,1,6,1, , ,1,22,31,,,,,
MATH2,FALL22,LEE,1, , , ,1,2,1, , ,16,21,,,,,
MATH2,FALL22,BASKAUSKAS,5,10,3,3,3,2,2, , ,6,34,,,,,
MATH2,FALL22,HONG, , , , ,2, , , , ,14,16,,,,,
MATH2,FALL22,SOLEYMANI,10,5,4,5,4, ,3, , ,6,37,,,,,
MATH2,FALL22,MIANO,2,1,3,4,11,1,1, , ,11,34,,,,,
MATH2,FALL22,BOOSHERI,3,1,1,2,8,2, , , ,10,27,,,,,
MATH2,FALL22,EMERSON, , ,1,3, ,1, , , ,22,27,,,,,
MATH2,FALL22,PHUNG,1,1,1,1,5, ,8, ,1,10,28,,,,,
MATH2,FALL22,ENGLAND,7,5,6,1,4, , , , ,9,32,,,,,
MATH2,FALL22,ENGLAND,6,5,3,1,6,2,1, ,2,6,32,,,,,
MATH2,FALL22,PHUA,5,2,4,5,2, , , ,1,14,33,,,,,
MATH2,FALL22,WANG,2,1,2,1,7, ,1, , ,10,24,,,,,
MATH2,FALL22,GRAVES,9,6,5,2,5,2, , , ,6,35,,,,,
MATH2,FALL22,DEAN,8,9,9,1,4, , , , ,3,34,,,,,
MATH2,FALL22,CARTY,3,3,3,5,11, ,1,1, ,10,37,,,,,
MATH2,FALL22,CHAN,4,1,1,1,11,1,1, , ,8,28,,,,,
MATH2,FALL22,MUSSELMAN,2,2, , ,1,1,3, ,1,20,30,,,,,
MATH2,FALL22,RAMSEY,7,7,1,2,3,1,4, , ,12,37,,,,,
MATH2,FALL22,LIAO,26,2,5, ,3, , , , , ,36,,,,,
MATH2,FALL22,JIANG,13,3,3,3,6,2, ,1, ,10,41,,,,,
MATH2,FALL22,KARKAFI,2, , , ,6, ,1, ,1,17,27,,,,,
MATH3,FALL22,KONYA,1,1,2, ,5,1, , , ,16,26,,,,,
MATH3,FALL22,HERICHI,4,2,2,3,11, ,1, , ,13,36,,,,,
MATH3,FALL22,HONG,1, , , ,3, , , , ,9,13,,,,,
MATH3,FALL22,JIANG,7,1,8,1,6,1, ,1, ,4,29,,,,,
MATH3,FALL22,OUELLETTE,3,1, ,2,6, ,1, , ,7,20,,,,,
MATH4,FALL22,LOPEZ,5,1,5,6,5, ,1, , ,15,38,,,,,
MATH4,FALL22,LONDON,2,1,2,5, ,1,2, , ,6,19,,,,,
MATH4,FALL22,PHUNG,2,1, ,1,5, ,1, , ,13,23,,,,,
MATH4,FALL22,TSVIKYAN,9,1,4, ,5, , , , ,12,31,,,,,
MATH4,FALL22,BENE,4,3,1,1,4, ,1,1, ,7,22,,,,,
MATH4,FALL22,PHUNG,4, ,1,1,4,1, , , ,13,24,,,,,
MATH4,FALL22,JAHANGARD, ,1,2,1,6, ,1, , ,18,29,,,,,
MATH4,FALL22,KIM ,4,5,2,1,2, ,1, , ,18,33,,,,,
MATH7,FALL22,OUELLETTE,3,2,5,1,8, ,2, , ,13,34,,,,,
MATH7,FALL22,BENE,3,1,2,3,6, ,2,1, ,10,28,,,,,
MATH7,FALL22,SOLEYMANI,8,4,5,6,6, ,3,1, ,12,45,,,,,
MATH7,FALL22,BENE,2,5,3,5,3, ,1, , ,7,26,,,,,
MATH7,FALL22,RODAS,3,3,1, ,2, , , , ,5,14,,,,,
MATH7,FALL22,LAI,6,7,9,2,3, , , , ,18,45,,,,,
MATH7,FALL22,HANCOCK,7,7,5,1,7, ,4, , ,12,43,,,,,
MATH7,FALL22,RICHARDSON,8,3,10,1,3,1,3, , ,12,41,,,,,
MATH7,FALL22,WANG,2,4,2,1,4, ,2, , ,11,26,,,,,
MATH7,FALL22,BASKAUSKAS,6,10,6,5,2, , , , ,6,35,,,,,
MATH7,FALL22,MAN,7,5,6,3,3, ,1, , ,11,36,,,,,
MATH7,FALL22,KONYA,3, ,1,2,1, ,1, , ,10,18,,,,,
MATH7,FALL22,GRAVES,4,7,6,1,7,3, , , ,8,36,,,,,
MATH7,FALL22,KAMIN,4,6,6,1,1,1,4, , ,14,37,,,,,
MATH7,FALL22,DOKOS,8,3,2,7, , ,1, , ,9,30,,,,,
MATH8,FALL22,HONG, , , , , , , , , ,12,12,,,,,
MATH8,FALL22,KONYA,2,2,1,5,6, , , , ,9,25,,,,,
MATH8,FALL22,WANG,6,6,6,2,3, ,1, , ,12,36,,,,,
MATH8,FALL22,NESTLER, ,2,3,1,2, ,3, , ,25,36,,,,,
MATH8,FALL22,EMERSON,2,3,5, ,2, ,1, , ,19,32,,,,,
MATH8,FALL22,RICHARDSON,6,15,2,1, , ,2, , ,12,38,,,,,
MATH8,FALL22,ASKARIAN,12,5,2,4,3, , , , ,13,39,,,,,
MATH10,FALL22,JAHANGARD,2,2,3, ,1, ,1, , ,12,21,,,,,
MATH11,FALL22,HERICHI,8,3,4,1,8,2,4, , ,10,40,,,,,
MATH11,FALL22,SOLEYMANI,5,7,3,2,6,1,2, , ,11,37,,,,,
MATH11,FALL22,LAI,13,8,5,5,2, ,4, , ,7,44,,,,,
MATH11,FALL22,NESTLER,2, ,1, ,1, , , , ,6,10,,,,,
MATH13,FALL22,HERICHI,8,11,4,2,2, ,1, , ,4,32,,,,,
MATH13,FALL22,MALDAGUE,10,5,2, , ,1,2, , ,7,27,,,,,
MATH13,FALL22,NESTLER, ,1, ,2,2, , , , ,10,15,,,,,
MATH13,FALL22,ASKARIAN,7,2,1, , , , , , ,3,13,,,,,
MATH15,FALL22,HERICHI,11,10,3,2,3, ,5,1, ,5,40,,,,,
MATH15,FALL22,NESTLER, ,1,2,2,1, , , , ,8,14,,,,,
MATH21,FALL22,CHO,2, ,1, ,1, ,1, , ,5,10,,,,,
MATH21,FALL22,EMERSON,1,2, ,2,2, , , , ,13,20,,,,,
MATH21,FALL22,ROSS,6,8,4,1,11,1, , , ,6,37,,,,,
MATH21,FALL22,ROSS,3,4,3,1,3, ,1, , ,9,24,,,,,
MATH21,FALL22,MAKNOUNI,4,5,4,1,8, ,3, , ,4,29,,,,,
MATH21,FALL22,MUSSELMAN,8,8,4,2,3, , , , ,7,32,,,,,
MATH21,FALL22,LEE,2,4,3, , , , , , ,28,37,,,,,
MATH21,FALL22,KIM,2,11,5,3,6, ,1, , ,8,36,,,,,
MATH21,FALL22,MAKNOUNI,4,4,8,2,15, , , , ,10,43,,,,,
MATH21,FALL22,BRONIE,4,2,2,10,3, , , , ,5,26,,,,,
MATH21,FALL22,SIMO,5, ,2,2,5, , , , ,11,25,,,,,
MATH21,FALL22,MAN,5,6,4,2,3, ,2, , ,9,31,,,,,
MATH26,FALL22,TSVIKYAN,7, ,2,1,3,1,2, , ,17,33,,,,,
MATH26,FALL22,EVINYAN,2,6,5, ,4, , , , ,13,30,,,,,
MATH26,FALL22,BRONIE,5,5,3,4,1,1,1, , ,3,23,,,,,
MATH26,FALL22,CHITGAR,4,3,6, ,1, ,2, , ,10,26,,,,,
MATH26,FALL22,RICHARDSON,3,2,3,1,1, ,4, , ,11,25,,,,,
MATH26,FALL22,CHITGAR,6,2,5, , , , , , ,11,24,,,,,
MATH26,FALL22,KAMIN G,9,7,2,1,8, ,6, , ,9,42,,,,,
MATH26,FALL22,SMITH,4,6,1,1,2, ,1, , ,2,17,,,,,
MATH26,FALL22,SARKSSIAN,1,2,5, ,2, , , , ,2,12,,,,,
MATH54,FALL22,EDINGER,5,1, ,1,4, , , , ,16,27,,,,,
MATH54,FALL22,BAYSSA,4,1,4,4,8, , , , ,9,30,,,,,
MATH54,FALL22,CHAU,4,4,2,1,1, ,2, , ,17,31,,,,,
MATH54,FALL22,GHARAMANIANS, ,3,1, ,2, , ,2, ,8,16,,,,,
MATH54,FALL22,VENDLINSKI,4,7,5,2,12,1, , , ,5,36,,,,,
MATH54,FALL22,RAHMANI,10,9,5,2,2, , , , ,8,36,,,,,
MATH54,FALL22,YANKEY,5,7,12,8, , , ,6, ,4,42,,,,,
MATH54,FALL22,LOPEZ,4,4,3,3,2, , , , ,13,29,,,,,
MATH54,FALL22,EDINGER,5,3,1,3,6, , , , ,11,29,,,,,
MATH54,FALL22,XIE,7,8, ,1,4, , , , ,21,41,,,,,
MATH54,FALL22,LOPEZ,4,1,2,2,9, , , , ,13,31,,,,,
MATH54,FALL22,BAYSSA,2,3,4,3,14, , , , ,5,31,,,,,
MATH54,FALL22,FOSTER, , ,3,2,19,1,2, , ,8,35,,,,,
MATH54,FALL22,SIMO,3,5,4,1,2, , , , ,20,35,,,,,
MATH54,FALL22,GIZAW,4,8,3,5,3, ,1, , ,10,34,,,,,
MATH54,FALL22,GHARAMANIANS,1,3,6,4,4, , ,2, ,7,27,,,,,
MATH54,FALL22,ASADYAN,8,16,6,4, , , , , ,7,41,,,,,
MATH54,FALL22,HUANG,17,14,4,1,4, , , , ,3,43,,,,,
MATH54,FALL22,FOREMAN,5,4,7,2,5, ,1, , ,8,32,,,,,
MATH54,FALL22,HANCOCK,4,3,2,1,13, , , , ,8,31,,,,,
MATH54,FALL22,DABAGH,4,5,8,7,8, ,1, , ,4,37,,,,,
MATH54,FALL22,RAHNAVARD,2,2,9,1,9,1, , , ,6,30,,,,,
MATH54,FALL22,TU,1, ,1,1,2,2, , , ,20,27,,,,,
MATH54,FALL22,LOPEZ,4,2, ,1,5, , , , ,19,31,,,,,
MATH54,FALL22,CHAU,6,7,5,2,8, ,1, , ,13,42,,,,,
MATH54,FALL22,GROLLMUS,2,5,5, ,10,1,1, , ,5,29,,,,,
MATH54,FALL22,SMITH,3,1,1,1,4, ,1, , ,11,22,,,,,
MATH54,FALL22,GIZAW,1,4,10,6,6, , , , ,6,33,,,,,
MATH54,FALL22,NGUYEN,4,3,2,3,6, ,1, , ,13,32,,,,,
MATH54,FALL22,HUANG,14,8,6,1,1, ,2, , ,5,37,,,,,
MATH54,FALL22,LAN,3,2,3, ,7,1, , , ,14,30,,,,,
MATH54,FALL22,LOPEZ,11,7,6,6,3, , , , ,12,45,,,,,
MATH54,FALL22,HANCOCK,7,6,2, ,5, , , , ,3,23,,,,,
MATH54,FALL22,RAHMANI,14,6,11,1,4, ,1, , ,8,45,,,,,
MATH54,FALL22,JAHANGARD, , ,3,1,10, , , , ,11,25,,,,,
MATH54,FALL22,MARTINEZ,12,4, ,2,1,1,1, , ,4,25,,,,,
MATH54,FALL22,HE,12,1,2,4,2, ,4, , ,16,41,,,,,
MATH54,FALL22,FOSTER,1,3,4, ,13, , , , ,9,30,,,,,
MATH54,FALL22,EDINGER,5,10,9, ,2, ,1, , ,9,36,,,,,
MATH54,FALL22,FORBES,4,5,4,2,8, ,3, , ,14,40,,,,,
MATH54,FALL22,NGUYEN,8,3,5,2,8, ,1, , ,13,40,,,,,
MATH54,FALL22,NGUYEN,2,2,4,1,11,1, , , ,11,32,,,,,
MATH54,FALL22,SIMO,5,1,2,5,2, , , , ,17,32,,,,,
MATH54,FALL22,PHUA,2,3,2,3,4, ,3, , ,17,34,,,,,
MATH54,FALL22,FORBES,8,4,5,2,5, , , , ,15,39,,,,,
MATH54,FALL22,NGUYEN,4,3,2,2,3, ,1, , ,11,26,,,,,
MATH54,FALL22,SASO,2,2,4,1,5, ,3, , ,22,39,,,,,
MATH54,FALL22,SASO,2,5,4,1,5, , , , ,19,36,,,,,
MATH54,FALL22,PACHAS,1,4,2, ,6, ,1, , ,17,31,,,,,
MATH54,FALL22,ESMAEILI,5,6,2,9,1, , ,1, ,7,31,,,,,
MATH54,FALL22,ESMAEILI,8,8,5,7,2, ,2,1, ,10,43,,,,,
MATH54,FALL22,MARTINEZ,7,2,3,2,2, , , , ,9,25,,,,,
MATH54,FALL22,XU, ,2,5, , , , , , ,14,21,,,,,
MATH54,FALL22,PEREZ,33,4, , ,2, ,1,1, ,1,42,,,,,
MATH54,FALL22,MARDIROSIAN,14,14,2,3, ,2, , , ,4,39,,,,,
MATH54,FALL22,PACHAS,3,4,2,1,3, , , , ,19,32,,,,,
MATH54,FALL22,HE,3,5,2, ,3,1,1, , ,15,30,,,,,
MATH54,FALL22,MARDIROSIAN,13,6,5,4,2, , , , ,7,37,,,,,
MATH54,FALL22,LOPEZ,5,2,1, ,3, ,1, , ,2,14,,,,,
MATH2,SPRING23,LEE P H, , ,1, ,2, ,1, , ,11,15,,,,,
MATH2,SPRING23,ROSS K R,4,4,3, ,4,1, , , ,21,37,,,,,
MATH2,SPRING23,BOOSHERI S G,1,1,2,1,3,1,3, , ,16,28,,,,,
MATH2,SPRING23,RICHARDSON A, ,6,4, ,4, ,5, ,1,7,27,,,,,
MATH2,SPRING23,QUEVEDO J M,2,2,1,2,2,1,2, , ,9,21,,,,,
MATH2,SPRING23,PHUNG Q T,3,1,2,2,7, ,3, , ,11,29,,,,,
MATH2,SPRING23,MIANO I A,6,5,5,1,9, ,3, ,1,5,35,,,,,
MATH2,SPRING23,OUELLETTE K R,1,3,3,2,13, ,5, , ,8,35,,,,,
MATH2,SPRING23,HERICHI H,7,2,2,2,8, , , , ,14,35,,,,,
MATH2,SPRING23,LEE P H, , ,1, ,5, , , ,1,13,20,,,,,
MATH2,SPRING23,QUEVEDO J M,1,2,4,2, ,1,4, ,1,18,33,,,,,
MATH2,SPRING23,WANG J D,4,3,1, ,5,1,2, , ,11,27,,,,,
MATH2,SPRING23,HARJUNO T,1,2,1, ,6,2,2, , ,15,29,,,,,
MATH2,SPRING23,LUI,10,3,5,7,2, ,2, , ,5,34,,,,,
MATH2,SPRING23,MIANO I A,6,2,7,1,3,1,2, , ,12,34,,,,,
MATH2,SPRING23,BOOSHERI S G,1, ,2,1,2, ,3, , ,15,24,,,,,
MATH2,SPRING23,EMERSON A J,1, ,1,1,3,1,1, , ,19,27,,,,,
MATH2,SPRING23,GRAVES L P,6,2,9, ,4,1,2, , ,11,35,,,,,
MATH2,SPRING23,LOPEZ MA,5,2,7,1,4, ,1, , ,7,27,,,,,
MATH2,SPRING23,CHAN H J,8,3,1,6,1, ,1, , ,4,24,,,,,
MATH2,SPRING23,WANG J D,4,3, ,1,2,2,2, , ,3,17,,,,,
MATH2,SPRING23,PHUA N,1,2,3,3,7,1,2, , ,11,30,,,,,
MATH2,SPRING23,MUSSELMAN M J,3,6,2,1,3, ,2, ,1,12,30,,,,,
MATH2,SPRING23,RAMSEY E D,7,6,9,1, , , , , ,11,34,,,,,
MATH2,SPRING23,KARKAFI R H,4,3,1, ,5,2,1, , ,9,25,,,,,
MATH2,SPRING23,LOPEZ MA,5, ,3, ,3, ,1, , ,3,15,,,,,
MATH2,SPRING23,MUSSELMAN M J,6,2,3, ,3,1,2, , ,13,30,,,,,
MATH2,SPRING23,LIAO G,16,4,1,1, ,2,1,1, ,2,28,,,,,
MATH3,SPRING23,KONYA W,1,5,1,3,6, ,1, , ,13,30,,,,,
MATH3,SPRING23,HONG A M, , , ,1, , , , , ,13,14,,,,,
MATH3,SPRING23,CHO M,2, , ,1,5, , , , ,3,11,,,,,
MATH3,SPRING23,SARKSSIAN H,1,4,2,2, ,1,1, , ,8,19,,,,,
MATH3,SPRING23,RICHARDSON A,2,2,3, ,3,2,2, , ,12,26,,,,,
MATH4,SPRING23,TSVIKYAN A,6,5,5, ,2,1, , , ,3,22,,,,,
MATH4,SPRING23,EVINYAN Z,3,1,8, ,5, , , , ,11,28,,,,,
MATH4,SPRING23,BENE A J,3,1,2, ,3, , , , ,20,29,,,,,
MATH4,SPRING23,PHUNG Q T,1, ,1,2,4, ,1, , ,15,24,,,,,
MATH4,SPRING23,ENGLAND A M,1,2,2,1,3, ,2, , ,24,35,,,,,
MATH4,SPRING23,JAHANGARD E, , ,2,1,3, , , , ,13,19,,,,,
MATH4,SPRING23,PHUNG Q T, ,1,2,1,8,1,2, , ,15,30,,,,,
MATH4,SPRING23,PACHAS,1,2,1,1,4,1, , , ,5,15,,,,,
MATH7,SPRING23,RODAS B G,10,3,1,2,1, ,1, , ,5,23,,,,,
MATH7,SPRING23,KONYA W,1,1,1,4,5, , , , ,10,22,,,,,
MATH7,SPRING23,BENE A J,7,1,4,6,3, ,1, , ,15,37,,,,,
MATH7,SPRING23,BASKAUSKAS V A,12,8,9,4,3, , , , ,4,40,,,,,
MATH7,SPRING23,HANCOCK M D,9,10,5,2,4, ,2, , ,7,39,,,,,
MATH7,SPRING23,GROLLMUS D P,11,6,4,1,5, ,1, ,1,12,41,,,,,
MATH7,SPRING23,WANG J D,4,3,6,1,7, ,4, , ,13,38,,,,,
MATH7,SPRING23,SMITH S P,4,6,5,2,3, ,1, , ,13,34,,,,,
MATH7,SPRING23,MARDIROSIAN R,17,4,3,3, ,2,2, ,2,7,40,,,,,
MATH7,SPRING23,PHAM D,4,5,3,2, , ,1, , ,6,21,,,,,
MATH8,SPRING23,OUELLETTE K R,7,7,6,3,1,2,2, , ,11,39,,,,,
MATH8,SPRING23,KONYA W,4,3,4,8,4, ,1, , ,9,33,,,,,
MATH8,SPRING23,LAI I,6,6,4,3,1,1,7, , ,13,41,,,,,
MATH8,SPRING23,BASKAUSKAS V A,10,17,7,1,1, ,1, , ,5,42,,,,,
MATH8,SPRING23,EMERSON A J,2,4,1,2,4, ,4, , ,17,34,,,,,
MATH8,SPRING23,NESTLER A E, ,2,3,2,2, , , , ,23,32,,,,,
MATH8,SPRING23,ASKARIAN S N,18,7,6,1,2, , , ,1,9,44,,,,,
MATH10,SPRING23,JAHANGARD E,1,3,12,2,3,1, , , ,11,33,,,,,
MATH11,SPRING23,HERICHI H,6,6,6,4,3, ,1, , ,5,31,,,,,
MATH11,SPRING23,HONG A M, , ,2,1,1, , , , ,6,10,,,,,
MATH11,SPRING23,LAI I,11,10,5,3,2,1,3, , ,7,42,,,,,
MATH11,SPRING23,PACHAS,4,2,2, ,6, , , , ,11,25,,,,,
MATH13,SPRING23,EDINGER,6,10,4, ,3, ,1, , ,7,31,,,,,
MATH13,SPRING23,HERICHI H,8,11,3,1,1, ,2, , ,8,34,,,,,
MATH13,SPRING23,OUELLETTE K R,6,5,2,3,4,1,2, , ,8,31,,,,,
MATH13,SPRING23,NESTLER A E,1,2,2,1, , , , , ,6,12,,,,,
MATH15,SPRING23,NESTLER A E,1,2,3,2,3, ,1, , ,3,15,,,,,
MATH15,SPRING23,COYA B,9,10,8,1,4, ,1, , ,3,36,,,,,
MATH21,SPRING23,EMERSON A J,2,1,4,2,1, ,1, , ,11,22,,,,,
MATH21,SPRING23,ROSS K R,15,4,8,1,9, ,1, , ,4,42,,,,,
MATH21,SPRING23,ENGLAND A M,5,4,10, ,8, ,1, , ,2,30,,,,,
MATH21,SPRING23,ROSS K R,9,5,8,2,3, ,2, , ,5,34,,,,,
MATH21,SPRING23,MAKNOUNI M,2,3,5,1,5, ,1, , ,8,25,,,,,
MATH21,SPRING23,KIM J J,5,3,4,3, , ,1, , ,10,26,,,,,
MATH21,SPRING23,BRONIE B L,2,3,3,3,1, ,1, , ,9,22,,,,,
MATH21,SPRING23,MAN S,5,1,1,1,2, ,1, , ,1,12,,,,,
MATH21,SPRING23,MAKNOUNI M,3,1,2,1,2, ,1,1, ,4,15,,,,,
MATH26,SPRING23,RICHARDSON A,2,2,3, ,4, ,7, , ,14,32,,,,,
MATH26,SPRING23,TSVIKYAN A,3,4,7, ,3, ,1, , ,7,25,,,,,
MATH26,SPRING23,BRONIE B L,2,6,2,3,2, , , , ,10,25,,,,,
MATH26,SPRING23,CHITGAR M H,3,7,3, , ,1,1, , ,8,23,,,,,
MATH26,SPRING23,CHITGAR M H,3,5,4, , , ,2, ,1,8,23,,,,,
MATH28,SPRING23,SMITH S P,5,2,10,5,2, ,6, , ,10,40,,,,,
MATH28,SPRING23,LUI,18,13,7,3,1, , , ,1,2,45,,,,,
MATH29,SPRING23,RODAS B G,4,3,3,1, , ,1, , ,1,13,,,,,
MATH41,SPRING23,PEREZ,2,6,9,2,1, , , , ,3,23,,,,,
MATH54,SPRING23,CHAU E,2, ,8,1,6, , , , ,8,25,,,,,
MATH54,SPRING23,GRAVES L P,3,7,2,2,5,1,1, ,1,14,36,,,,,
MATH54,SPRING23,NGUYEN D T,2,2,3,3,7, , , , ,15,32,,,,,
MATH54,SPRING23,FOSTER M, , ,5,1,9, ,2, , ,8,25,,,,,
MATH54,SPRING23,LOPEZ J E,7,5,3,6,4, , , , ,8,33,,,,,
MATH54,SPRING23,XIE M C,6,6,5,2,6,1, , , ,9,35,,,,,
MATH54,SPRING23,RAHNAVARD M H,3,6,3,3,6, ,1, , ,7,29,,,,,
MATH54,SPRING23,LAN H,8,15,8,2, , , , ,1,5,39,,,,,
MATH54,SPRING23,GHARAMANIANS J,2,2,6, ,2,1,1, , ,8,22,,,,,
MATH54,SPRING23,SIMO A L,10,3,12,1, ,1,1, , ,6,34,,,,,
MATH54,SPRING23,HANCOCK M D,3,6,5,2,7, ,1, , ,11,35,,,,,
MATH54,SPRING23,HUANG C Y,13,6,7,1,3, , , , ,4,34,,,,,
MATH54,SPRING23,FOREMAN N J,3,10,6,5,2, ,1, , ,9,36,,,,,
MATH54,SPRING23,PEREZ R E,28,10,5, ,2, , , , , ,45,,,,,
MATH54,SPRING23,KAMIN G,5,7,2,2,3,1,1, ,2,6,29,,,,,
MATH54,SPRING23,LAN H,20,8,4,1, , , , , ,7,40,,,,,
MATH54,SPRING23,GIZAW A,7,3,3, ,3, ,2, , ,12,30,,,,,
MATH54,SPRING23,SIMO A L,6,7,10,4,3, , , , ,4,34,,,,,
MATH54,SPRING23,LOPEZ J E,13,7,3,3,2, , , , ,4,32,,,,,
MATH54,SPRING23,DEAN C R,8,10,4,3,2, , , , ,4,31,,,,,
MATH54,SPRING23,TU W,3,2,2,3,5, , , , ,11,26,,,,,
MATH54,SPRING23,MARTINEZ M G,10,4, , , , , , ,1,8,23,,,,,
MATH54,SPRING23,HE F Y,10,6,4,4,3,1,2, , ,10,40,,,,,
MATH54,SPRING23,GIZAW A,6,4,3, ,3,1,1, , ,6,24,,,,,
MATH54,SPRING23,HUANG C Y,19,7,6, ,5, , , , ,2,39,,,,,
MATH54,SPRING23,NGUYEN D T,3,8,1,2,7, ,2, , ,11,34,,,,,
MATH54,SPRING23,EDINGER G C,6,5,9,2,4,1,2, , ,7,36,,,,,
MATH54,SPRING23,PHUA N,3,1,4, ,5,1,2, , ,19,35,,,,,
MATH54,SPRING23,SASO M,3,4,4,5,6, ,3, , ,13,38,,,,,
MATH54,SPRING23,SASO M,4,9,3, ,4,1,1, , ,15,37,,,,,
MATH54,SPRING23,RAHMANI S,16,5,4,2,3, ,1, , ,12,43,,,,,
MATH54,SPRING23,NGUYEN D T,2, ,4,1,8, ,3, , ,12,30,,,,,
MATH54,SPRING23,PHUA N,1,2,5,3,4, , , , ,11,26,,,,,
MATH54,SPRING23,NESTLER A E, ,2, , ,7, ,1, , ,15,25,,,,,
MATH54,SPRING23,HONG A M, ,1, ,2,2, ,2, , ,26,33,,,,,
MATH54,SPRING23,BENE A J,6,4,2,2,3,1,4,1,13,1,37,,,,,
MATH2,FALL23,FOSTER M, ,1,1,2,10,2,4, ,6,3,29,,,,,
MATH2,FALL23,QUEVEDO J M,1, ,2,3,7, , , ,6,9,28,,,,,
MATH2,FALL23,ROSS K R,8,5,4, ,6,1,2, ,5,10,41,,,,,
MATH2,FALL23,BOOSHERI S G,1,1, , ,6, ,3, ,9,7,27,,,,,
MATH2,FALL23,RODAS B G,4,3,1,1,1, , , ,2,6,18,,,,,
MATH2,FALL23,LEE P H,1, , , ,3,3,3, ,1,6,17,,,,,
MATH2,FALL23,RICHARDSON A,1,4,4, ,2,3,6, ,11,5,36,,,,,
MATH2,FALL23,CHO M,5, ,1, ,8, ,1, ,11,8,34,,,,,
MATH2,FALL23,OUELLETTE K R, ,1,2,2,3,2,3, ,10,11,34,,,,,
MATH2,FALL23,MIANO I A,2,8,4,2,6, ,1, ,10,3,36,,,,,
MATH2,FALL23,HONG A M, , ,1,1,3, ,3, ,14,11,33,,,,,
MATH2,FALL23,HARJUNO T, ,1,2, ,3, ,2, ,8,14,30,,,,,
MATH2,FALL23,QUEVEDO J M,2,2,4,1,4, ,1, ,4,12,30,,,,,
MATH2,FALL23,SOLEYMANI S,5,4,5, ,4,1,5, ,9,1,34,,,,,
MATH2,FALL23,MIANO I A,3,7,3,1,5, ,2, ,6,7,34,,,,,
MATH2,FALL23,BOOSHERI S G,2,1, , ,5, ,1, ,5,13,27,,,,,
MATH2,FALL23,EMERSON A J,1,3,3,2,4, ,1,1,4,14,33,,,,,
MATH2,FALL23,PHUNG Q T,3,3,3, ,4,3,1, ,7,7,31,,,,,
MATH2,FALL23,KONYA W,2,3,1,4,3, ,3, ,5,8,29,,,,,
MATH2,FALL23,ENGLAND A M,5,4,3,4,7,3,4, ,5,6,41,,,,,
MATH2,FALL23,ENGLAND A M,7,4,4,2,15,2, , ,9,2,45,,,,,
MATH2,FALL23,PHUA N,4,2,1,2,8,1,2, ,14,3,37,,,,,
MATH2,FALL23,LAI I,2,4,2,3,1,2,5, ,7,7,33,,,,,
MATH2,FALL23,MALDAGUE J,10,1,7,1,7, ,2, ,8,2,38,,,,,
MATH2,FALL23,FANELLI D,3,2,3, ,5, ,7, ,7,11,38,,,,,
MATH2,FALL23,CHAN H J,2, ,5,3,7, ,2, ,7,5,31,,,,,
MATH2,FALL23,MUSSELMAN M J,6,1, , ,8,1, , ,11,6,33,,,,,
MATH2,FALL23,RAMSEY E D,8,7,10, , ,3,1, ,4,4,37,,,,,
MATH2,FALL23,KARKAFI R H,2,2,3, ,8, ,2, ,6,2,25,,,,,
MATH2,FALL23,LIAO G,16,5,4,1, ,5,2, ,3,4,40,,,,,
MATH2,FALL23,MUSSELMAN M J,4,4,3, ,6, ,1, ,5,9,32,,,,,
MATH2,FALL23,JIANG J,12,7,7,1,3, ,3, ,4,3,40,,,,,
MATH3,FALL23,KONYA W,2,4,2,1,4, ,1, ,5,11,30,,,,,
MATH3,FALL23,HERICHI H,7,7,2, ,5, ,3, ,11, ,35,,,,,
MATH3,FALL23,HONG A M, , , ,2,1, ,1, ,7,9,20,,,,,
MATH3,FALL23,JIANG J,5,7,4, ,4,3, , ,5,4,32,,,,,
MATH3,FALL23,RICHARDSON A,2,2,3, ,7,1,3, ,11,5,34,,,,,
MATH4,FALL23,JAHANGARD E, ,1,2,1,2, ,1, ,5,2,14,,,,,
MATH4,FALL23,EVINYAN Z,4,1,2, ,5, , , ,13,6,31,,,,,
MATH4,FALL23,PHUNG Q T,1, , ,2,8, ,3, ,5,7,26,,,,,
MATH4,FALL23,TSVIKYAN A,5,4,2, ,1, ,1, ,7,5,25,,,,,
MATH4,FALL23,LOPEZ MA,1,1, ,1,9, ,1, ,8,8,29,,,,,
MATH4,FALL23,RAHNAVARD M H,1,2,3,1,3,2, , ,2,2,16,,,,,
MATH4,FALL23,BENE A J,1,1,1,4,9, ,8, ,4,4,32,,,,,
MATH4,FALL23,JAHANGARD E,1, ,1,1,5, ,1, ,11,10,30,,,,,
MATH4,FALL23,PHUNG Q T,2,3,1,1,6, , , ,10,2,25,,,,,
MATH4,FALL23,LOPEZ MA, , ,4, ,3, , , ,6,5,18,,,,,
MATH4,FALL23,GHARAMANIANS J,2,1,6, ,6,1,1, ,7,4,28,,,,,
MATH7,FALL23,HONG A M, , ,1,2,2, , , ,4,16,25,,,,,
MATH7,FALL23,GRAVES L P,7,5,6,5,3, ,1, ,2,9,38,,,,,
MATH7,FALL23,OUELLETTE K R,4,4,3, ,2,1, , ,7,9,30,,,,,
MATH7,FALL23,BENE A J,6,1, , , , ,1,1,12,8,29,,,,,
MATH7,FALL23,SOLEYMANI S,9,3,1,4,6, ,5, ,14,4,46,,,,,
MATH7,FALL23,RICHARDSON A,8,4,9,2,3,1,6, ,8,3,44,,,,,
MATH7,FALL23,WANG J D,4,4,4,2,5, ,4,1,7,6,37,,,,,
MATH7,FALL23,GRAVES L P,9,3,6,2,6, ,3, ,5,4,38,,,,,
MATH7,FALL23,BASKAUSKAS V A,6,10,5,5,1,4,3, ,5,5,44,,,,,
MATH7,FALL23,RODAS B G,4,5,2,2,2,1, , ,3,1,20,,,,,
MATH7,FALL23,KAMIN G,5,2,4, ,5,1,1, ,10,12,40,,,,,
MATH7,FALL23,OUELLETTE K R,7,3,2,1,7, ,5, ,10,9,44,,,,,
MATH7,FALL23,KAMIN G,11,5,5,2,1, ,2,1,6,13,46,,,,,
MATH7,FALL23,WANG J D,4,1,6,1,3, ,5, ,6,4,30,,,,,
MATH7,FALL23,BASKAUSKAS V A,4,18,9,3,2,1,2, ,5,1,45,,,,,
MATH7,FALL23,MAN S,8,8,7,2,3, ,2, ,3,9,42,,,,,
MATH7,FALL23,LIN B,14,5,7,3,5,1,1, ,4,4,44,,,,,
MATH7,FALL23,SMITH S P,6,3,7, ,8, ,5, ,6,3,38,,,,,
MATH8,FALL23,BENE A J,9,6,5,6,6, , , ,3,2,37,,,,,
MATH8,FALL23,KONYA W,2,8,1,9,1, ,4, ,12,5,42,,,,,
MATH8,FALL23,WANG J D,3,8,4, ,1, ,4, ,10,8,38,,,,,
MATH8,FALL23,LAI I,6,8,1,1,3,1,9, ,14,5,48,,,,,
MATH8,FALL23,NESTLER A E, ,2, ,1, , ,3, ,11,17,34,,,,,
MATH8,FALL23,EMERSON A J,1,4,4,3,1, ,3, ,8,9,33,,,,,
MATH8,FALL23,ASKARIAN S N,16,7,3,3, ,1,3, ,7,3,43,,,,,
MATH8,FALL23,NESTLER A E, , ,1,1,3, ,2, ,4,13,24,,,,,
MATH10,FALL23,NESTLER A E, ,1,1,1,2,1,2, ,3,9,20,,,,,
MATH11,FALL23,HERICHI H,9,6,1,3,1,1,3, , ,2,26,,,,,
MATH11,FALL23,SOLEYMANI S,11,6,6,2,5, ,4, ,5,2,41,,,,,
MATH11,FALL23,LAI I,17,8,2,3, , ,7,1,5,1,44,,,,,
MATH13,FALL23,HERICHI H,10,6,2,2,4,1,1,1,5,2,34,,,,,
MATH13,FALL23,EDINGER G C,4,3,3,3,1, ,6, ,5,5,30,,,,,
MATH13,FALL23,ASKARIAN S N,7,4,1,1, , ,4, ,4,6,27,,,,,
MATH15,FALL23,HERICHI H,12,11,5, ,1, ,1, ,4,1,35,,,,,
MATH15,FALL23,NESTLER A E,2,4, ,1, , , , ,3,7,17,,,,,
MATH21,FALL23,EMERSON A J,1,4,1,3,5, ,1, , ,10,25,,,,,
MATH21,FALL23,ROSS K R,22,6,4, ,4, , , ,1,6,43,,,,,
MATH21,FALL23,ROSS K R,14,6,2,2,7, ,2, ,2,4,39,,,,,
MATH21,FALL23,LEE P H,1, , , ,2,1, , ,8,15,27,,,,,
MATH21,FALL23,MAKNOUNI M,1,4,2,1,11, ,2, ,6,5,32,,,,,
MATH21,FALL23,LEE P H,1, , , ,2,1, , ,6,17,27,,,,,
MATH21,FALL23,MAKNOUNI M,4,8,3,4,4,1,1, ,5,3,33,,,,,
MATH21,FALL23,BRONIE B L,3,2,4,3,8, ,1, ,2,5,28,,,,,
MATH21,FALL23,KIM J J,9,8,9, ,3,1,3, ,7,6,46,,,,,
MATH21,FALL23,MAN S,6,3,3,6,2,2,1, ,5,5,33,,,,,
MATH26,FALL23,TSVIKYAN A,1,5,3, , ,1,3, ,3,11,27,,,,,
MATH26,FALL23,BRONIE B L,2, ,4,9, , ,3,1,3,4,26,,,,,
MATH26,FALL23,CHITGAR M H,4,1,9,2,1,4,2, ,1,3,27,,,,,
MATH26,FALL23,WONG J D,13,7,3,2, , , , ,3,4,32,,,,,
MATH26,FALL23,CHITGAR M H,7,5,5,2,2,1,2, ,5,3,32,,,,,
MATH28,FALL23,LUI,18,6,3,1,3, ,3, ,2,2,38,,,,,
MATH28,FALL23,LUI,20,5,3,3,5, , , ,5,3,44,,,,,
MATH28,FALL23,SMITH S P,4,3,3,1,4, , , ,1,4,20,,,,,
MATH54,FALL23,BAYSSA B T,7,2,6,2,8, , , ,4,10,39,,,,,
MATH54,FALL23,RAHNAVARD M H,1,3,5,1,5, , , ,6,5,26,,,,,
MATH54,FALL23,TU W,3,1,1,2,1, ,1, ,8,12,29,,,,,
MATH54,FALL23,ASADYAN A,5,6,3,1,6, ,1, ,9,5,36,,,,,
MATH54,FALL23,XIE M C,4,4,9,1,7, , , ,6,5,36,,,,,
MATH54,FALL23,RAHMANI S,11,5,6,2,7, ,1, ,1,4,37,,,,,
MATH54,FALL23,PHUA N,3,2,1, ,14, , , ,4,8,32,,,,,
MATH54,FALL23,BAYSSA B T,4,7,7,1,5, , , ,4,4,32,,,,,
MATH54,FALL23,FOSTER M, ,2, ,2,11, ,1, ,9,7,32,,,,,
MATH54,FALL23,GIZAW A,7,9,4,6,4, ,2, ,4,3,39,,,,,
MATH54,FALL23,GHARAMANIANS J,3,3,4,4,12, ,4,1,6,4,41,,,,,
MATH54,FALL23,HUANG C Y,27,9,5, , ,1, , , ,3,45,,,,,
MATH54,FALL23,FOREMAN N J,4,10,9,4,3, , , ,3,3,36,,,,,
MATH54,FALL23,LOPEZ J E,8,7,5,7,3, ,2, ,3,1,36,,,,,
MATH54,FALL23,SIMO A L,4,7,6,5,3, , , , ,8,33,,,,,
MATH54,FALL23,LAN H,14,9,3,2,1, , , ,7,3,39,,,,,
MATH54,FALL23,PEREZ R E,31,10,3, , , , , , ,1,45,,,,,
MATH54,FALL23,CHAU E,7,7,3,4,10, , , ,3,1,35,,,,,
MATH54,FALL23,DEAN C R,2,9,8, ,8, ,1, ,5,1,34,,,,,
MATH54,FALL23,SIMO A L,7,5,5,5, , , , , ,8,30,,,,,
MATH54,FALL23,GIZAW A,2,8,5,2,3, , , ,2,8,30,,,,,
MATH54,FALL23,HUANG C Y,22,5,4,2,1,1, , , ,1,36,,,,,
MATH54,FALL23,TU W,2,3,3,2,7, , , ,8,4,29,,,,,
MATH54,FALL23,JAHANGARD E,2,1,2,3,3, ,1, ,5,8,25,,,,,
MATH54,FALL23,MARTINEZ M G,13,2,1, ,2, , , ,4,2,24,,,,,
MATH54,FALL23,CHAU E,4,5,7,1,7, ,3, ,2,3,32,,,,,
MATH54,FALL23,HE F Y,19,10,2,2,6, , , ,1,2,42,,,,,
MATH54,FALL23,FOSTER M, ,1,6,4,10, ,2, ,8,3,34,,,,,
MATH54,FALL23,EDINGER G C,1,7,5,4,5, ,1, ,4,7,34,,,,,
MATH54,FALL23,FORBES J,3,6,7,1,6, ,1, ,14,2,40,,,,,
MATH54,FALL23,NGUYEN D T,3, ,5, ,3,2, , ,4,1,18,,,,,
MATH54,FALL23,PHUA N,1,3,5,1,4, ,1, ,10,8,33,,,,,
MATH54,FALL23,FORBES J,3,4,3, ,4, ,1, ,14,6,35,,,,,
MATH54,FALL23,SASO M,2,3,6,1,8, ,1, ,12,9,42,,,,,
MATH54,FALL23,SASO M,2,4,8, ,1, ,1, ,4,16,36,,,,,
MATH54,FALL23,HANCOCK M D,11,5,3,3,6, ,2, ,7,1,38,,,,,
MATH54,FALL23,HANCOCK M D,10,6,2,4,2, ,2, ,11,7,44,,,,,
MATH54,FALL23,LAN H,1,3,2,1,6, , , ,9,8,30,,,,,
MATH54,FALL23,NGUYEN D T,2,2,1,2,4, , , ,14,1,26,,,,,
MATH54,FALL23,FOSTER M, ,1,1,2,13, ,3, ,11,5,36,,,,,
MATH54,FALL23,PEREZ R E,36,6,1, , , , ,1, ,1,45,,,,,
MATH54,FALL23,LOPEZ J E,9,10,5,5,1, , , ,1,5,36,,,,,
MATH54,FALL23,DABAGH SA M,6,5,7,2,6, ,1, ,5,1,33,,,,,
MATH2,SPRING24,MIANO I A,2,10,6,2,4,1,3,,3,4,35,,,,,
MATH2,SPRING24,MUSSELMAN,3,1,1,1,7,,2,,10,6,31,,,,,
MATH2,SPRING24,RAMSEY,9,3,2,1,5,,,,5,11,36,,,,,
MATH2,SPRING24,MUSSELMAN,2,,3,2,2,1,2,,5,8,25,,,,,
MATH2,SPRING24,PHUA N,3,1,6,1,3,,,,10,7,31,,,,,
MATH2,SPRING24,JIANG J,10,9,9,,3,2,2,,3,2,40,,,,,
MATH2,SPRING24,KARKAFI,4,,2,,4,,,,4,5,19,,,,,
MATH2,SPRING24,LOPEZ MA,3,1,,1,1,3,6,,3,5,23,,,,,
MATH2,SPRING24,WANG J D,3,,2,1,1,2,3,,1,5,18,,,,,
MATH2,SPRING24,FOSTER M,3,3,2,1,2,,2,,5,3,21,,,,,
MATH2,SPRING24,EMERSON A J,2,1,,,2,,2,,4,10,21,,,,,
MATH2,SPRING24,SOLEYMANI,4,1,4,4,1,6,4,,6,8,38,,,,,
MATH2,SPRING24,LOPEZ MA,5,3,5,2,5,1,1,,11,4,37,,,,,
MATH2,SPRING24,GRAVES L P,4,1,7,1,2,1,1,,3,12,32,,,,,
MATH2,SPRING24,MIANO I A,2,4,9,1,7,,,,4,7,34,,,,,
MATH2,SPRING24,LEE P H,1,1,1,,4,,1,,2,6,16,,,,,
MATH2,SPRING24,QUEVEDO J M,2,3,2,3,4,,4,,7,5,30,,,,,
MATH2,SPRING24,ROSS K R,2,2,2,1,11,3,5,,8,8,42,,,,,
MATH2,SPRING24,BOOSHERI,2,1,1,,6,,2,,6,7,25,,,,,
MATH2,SPRING24,BOOSHERI,1,1,1,2,3,1,1,,8,8,26,,,,,
MATH2,SPRING24,PHUNG Q T,1,2,2,2,5,,4,,8,8,32,,,,,
MATH2,SPRING24,WANG J D,2,2,,1,6,,4,,3,2,20,,,,,
MATH2,SPRING24,OUELLETTE K R,4,1,1,,8,2,4,,9,1,30,,,,,
MATH2,SPRING24,HERICHI,5,4,,1,6,1,3,,11,3,34,,,,,
MATH2,SPRING24,LUI,14,1,2,3,6,1,,,3,5,35,,,,,
MATH2,SPRING24,HONG,,1,1,1,1,,,,3,12,19,,,,,
MATH2,SPRING24,LEE P H,1,,1,,2,1,,,7,13,25,,,,,
MATH2,SPRING24,QUEVEDO J M,,2,2,2,3,1,1,,9,7,27,,,,,
MATH2,SPRING24,RICHARDSON,4,2,6,3,2,,5,,10,2,34,,,,,
MATH3,SPRING24,KONYA,2,2,3,2,4,,2,,2,9,26,,,,,
MATH3,SPRING24,JIANG J,3,5,13,,1,3,1,,6,3,35,,,,,
MATH3,SPRING24,RICHARDSON,1,1,8,2,6,1,2,,9,2,32,,,,,
MATH4,SPRING24,LOPEZ MA,2,2,1,2,6,,2,,12,8,35,,,,,
MATH4,SPRING24,NGUYEN D T,1,2,3,,4,,,,,5,15,,,,,
MATH4,SPRING24,PACHAS,2,1,,,7,1,2,,12,9,34,,,,,
MATH4,SPRING24,PHUNG Q T,3,,2,,5,3,1,,14,5,33,,,,,
MATH4,SPRING24,PHUNG Q T,,1,3,1,3,,3,,8,6,25,,,,,
MATH4,SPRING24,CHO M,1,,,,6,,,,7,5,19,,,,,
MATH4,SPRING24,TSVIKYAN A,5,4,5,,4,1,1,,4,6,30,,,,,
MATH4,SPRING24,BENE A J,2,2,4,6,,1,1,,13,8,37,,,,,
MATH7,SPRING24,SMITH S P,6,5,3,1,8,,2,,9,8,42,,,,,
MATH7,SPRING24,MAN S,5,9,8,2,2,,1,,7,6,40,,,,,
MATH7,SPRING24,SARKSSIAN H,,2,4,2,5,,2,,16,7,38,,,,,
MATH7,SPRING24,SRIPIMONWAN B,3,3,1,,,,,,2,,9,,,,,
MATH7,SPRING24,MARDIROSIAN R,14,2,2,7,2,1,3,,8,2,41,,,,,
MATH7,SPRING24,JAHANGARD E,2,3,,1,4,1,2,,8,9,30,,,,,
MATH7,SPRING24,WANG J D,2,4,,3,2,,5,,7,10,33,,,,,
MATH7,SPRING24,BASKAUSKAS V A,3,11,9,3,2,,2,,8,4,42,,,,,
MATH7,SPRING24,LAI I,6,6,3,2,1,1,9,,14,7,49,,,,,
MATH7,SPRING24,CARTY B,5,2,3,1,5,,3,,13,7,39,,,,,
MATH7,SPRING24,OUELLETTE K R,4,6,4,2,8,,3,,9,8,44,,,,,
MATH7,SPRING24,KONYA W,2,7,5,4,2,,2,,5,8,35,,,,,
MATH7,SPRING24,RODAS B G,9,5,3,,,,1,,4,3,25,,,,,
MATH7,SPRING24,BENE A J,7,3,,,2,1,8,,7,10,38,,,,,
MATH7,SPRING24,HONG A M,,,,1,1,,1,,6,10,19,,,,,
MATH7,SPRING24,BENE A J,5,1,3,1,4,,1,,14,17,46,,,,,
MATH7,SPRING24,GHARAMANIANS J,3,3,8,2,12,,2,,6,1,37,,,,,
MATH8,SPRING24,BASKAUSKAS V A,5,7,11,5,4,1,3,1,3,8,48,,,,,
MATH8,SPRING24,ASKARIAN S N,17,6,6,1,1,,5,,5,5,46,,,,,
MATH8,SPRING24,NESTLER A E,,,,,1,,1,,5,9,16,,,,,
MATH8,SPRING24,EMERSON A J,2,,1,3,,,1,1,8,8,24,,,,,
MATH8,SPRING24,DOKOS P,9,14,8,3,,,3,,6,3,46,,,,,
MATH8,SPRING24,KAMIN G,13,8,5,1,1,,1,,10,5,44,,,,,
MATH8,SPRING24,NESTLER A E,,5,2,1,2,,,,7,9,26,,,,,
MATH8,SPRING24,RICHARDSON A,16,5,6,3,1,3,5,,6,3,48,,,,,
MATH8,SPRING24,LAI,5,9,11,2,,,5,,10,2,44,,,,,
MATH8,SPRING24,KONYA W,4,4,5,8,2,,2,,2,3,30,,,,,
MATH8,SPRING24,HARJUNO T,1,4,1,,8,1,,,5,10,30,,,,,
MATH10,SPRING24,NESTLER A E,2,3,7,2,,1,4,,7,6,32,,,,,
MATH11,SPRING24,HERICHI H,8,7,,1,3,,4,,2,1,26,,,,,
MATH11,SPRING24,SOLEYMANI S,5,6,5,4,5,1,2,,2,4,34,,,,,
MATH11,SPRING24,PACHAS,1,7,6,1,5,,3,,5,2,30,,,,,
MATH11,SPRING24,LAI I,14,11,7,2,,,3,,6,1,44,,,,,
MATH13,SPRING24,HERICHI H,10,9,2,1,4,,4,,1,3,34,,,,,
MATH13,SPRING24,LIN B,11,8,8,1,3,,3,,6,,40,,,,,
MATH13,SPRING24,MALDAGUE J,15,9,6,1,1,,,,1,1,34,,,,,
MATH13,SPRING24,ASKARIAN S N,7,7,1,,1,1,2,,3,3,25,,,,,
MATH15,SPRING24,OUELLETTE K R,10,6,3,1,2,1,2,,6,3,34,,,,,
MATH15,SPRING24,NESTLER A E,,1,2,2,2,,1,,4,6,18,,,,,
MATH21,SPRING24,MAKNOUNI M,4,4,4,1,7,,3,,7,5,35,,,,,
MATH21,SPRING24,SIMO A L,10,6,2,2,3,,1,,4,4,32,,,,,
MATH21,SPRING24,ROSS K R,8,5,5,3,8,2,3,,1,2,37,,,,,
MATH21,SPRING24,ENGLAND A M,6,4,5,1,9,1,4,,5,2,37,,,,,
MATH21,SPRING24,EMERSON A J,4,2,1,1,1,,,1,1,10,21,,,,,
MATH21,SPRING24,MAKNOUNI M,3,1,5,3,2,,,,8,7,29,,,,,
MATH26,SPRING24,CHITGAR M H,5,5,11,1,,2,1,,2,5,32,,,,,
MATH26,SPRING24,CHITGAR M H,2,4,12,,,2,,,4,6,30,,,,,
MATH26,SPRING24,BRONIE B L,3,2,7,6,,,1,,8,7,34,,,,,
MATH26,SPRING24,TSVIKYAN A,6,1,4,,3,,,,7,9,30,,,,,
MATH28,SPRING24,LUI,18,11,12,2,2,,1,,,,46,,,,,
MATH28,SPRING24,SMITH S P,6,7,3,2,5,1,,,3,3,30,,,,,
MATH28,SPRING24,KAMIN G,9,2,5,,1,,1,,3,5,26,,,,,
MATH29,SPRING24,RODAS B G,5,3,2,,,,,,3,,13,,,,,
MATH54,SPRING24,PEREZ R E,20,8,2,2,3,1,4,,2,2,44,,,,,
MATH54,SPRING24,ESMAEILI AK,8,4,8,4,3,,2,,,,29,,,,,
MATH54,SPRING24,HANCOCK M D,13,9,,2,3,,1,,7,8,43,,,,,
MATH54,SPRING24,SASO M,3,6,5,6,3,,1,,11,4,39,,,,,
MATH54,SPRING24,SASO M,4,3,2,5,1,2,2,,6,9,34,,,,,
MATH54,SPRING24,HANCOCK M D,18,3,5,1,5,,1,,7,3,43,,,,,
MATH54,SPRING24,HANCOCK M D,11,6,4,2,2,3,1,,7,6,42,,,,,
MATH54,SPRING24,NGUYEN D T,2,4,2,1,11,,,,8,2,30,,,,,
MATH54,SPRING24,VENDLINSKI T P,13,1,3,1,3,,3,,2,,26,,,,,
MATH54,SPRING24,ENGLAND A M,7,3,1,1,7,,1,,11,1,32,,,,,
MATH54,SPRING24,EDINGER G C,2,8,10,1,2,,1,,5,4,33,,,,,
MATH54,SPRING24,EDINGER G C,4,4,7,4,2,2,1,,3,8,35,,,,,
MATH54,SPRING24,FORBES J,3,3,7,2,1,,1,,14,10,41,,,,,
MATH54,SPRING24,FORBES J,3,5,5,1,5,1,2,,12,7,41,,,,,
MATH54,SPRING24,NGUYEN D T,3,3,2,1,9,,2,,8,2,30,,,,,
MATH54,SPRING24,HANCOCK M D,9,5,3,2,8,,1,,10,5,43,,,,,
MATH54,SPRING24,NGUYEN D T,4,1,3,,5,,5,,7,9,34,,,,,
MATH54,SPRING24,ESMAEILI AK,11,8,10,5,4,,2,1,1,3,45,,,,,
MATH54,SPRING24,MARTINEZ M G,12,6,4,1,1,3,1,,,1,29,,,,,
MATH54,SPRING24,MARDIROSIAN R,15,10,5,2,3,1,1,,3,1,41,,,,,
MATH54,SPRING24,FOSTER M,2,4,1,6,8,2,,,8,5,36,,,,,
MATH54,SPRING24,HE F Y,2,3,3,,2,,2,,9,9,30,,,,,
MATH54,SPRING24,JAHANGARD E,,,1,1,3,1,3,,9,7,25,,,,,
MATH54,SPRING24,PHUA N,4,3,7,,3,,1,,8,3,29,,,,,
MATH54,SPRING24,PACHAS,7,6,1,,4,,,,5,6,29,,,,,
MATH54,SPRING24,SIMO A L,4,5,5,5,2,,4,,2,4,31,,,,,
MATH54,SPRING24,EDINGER G C,9,10,2,,4,,1,,4,4,34,,,,,
MATH54,SPRING24,KIM J J,6,5,4,1,3,,2,,3,7,31,,,,,
MATH54,SPRING24,CHAU E,4,5,2,2,6,,1,,1,3,24,,,,,
MATH54,SPRING24,GRAVES L P,3,2,5,5,2,,1,,4,10,32,,,,,
MATH54,SPRING24,FOSTER M,,2,4,4,8,,,,6,6,30,,,,,
MATH54,SPRING24,XIE M C,5,4,5,1,3,,,,11,8,37,,,,,
MATH54,SPRING24,PHUA N,2,3,5,,10,,,,4,6,30,,,,,
MATH54,SPRING24,BAYSSA B T,2,5,5,1,7,,1,,5,,26,,,,,
MATH54,SPRING24,LAN H,12,6,6,2,2,,1,,5,4,38,,,,,
MATH54,SPRING24,LOPEZ J E,12,3,9,4,2,,1,,4,1,36,,,,,
MATH54,SPRING24,HUANG C Y,14,6,4,,4,,1,,5,,34,,,,,
MATH54,SPRING24,MARTINEZ M G,13,3,1,2,,3,2,,,2,26,,,,,
MATH54,SPRING24,NGUYEN D T,,,2,3,8,1,3,,12,3,32,,,,,
MATH54,SPRING24,JAHANGARD E,1,2,4,2,8,1,1,,8,8,35,,,,,
MATH54,SPRING24,RAHNAVARD M H,4,3,4,1,4,,,,4,9,29,,,,,
MATH54,SPRING24,HE F Y,16,15,1,3,,,,,8,1,44,,,,,
MATH54,SPRING24,FOREMAN N J,4,6,7,3,2,,,,9,4,35,,,,,
MATH54,SPRING24,TU W,3,1,2,1,3,,1,,5,8,24,,,,,
MATH54,SPRING24,DEAN C R,2,2,2,1,5,,,,4,3,19,,,,,
MATH54,SPRING24,LOPEZ J E,10,6,6,3,,,1,,3,6,35,,,,,
MATH54,SPRING24,SIMO A L,7,6,8,1,3,,,,5,4,34,,,,,
MATH54,SPRING24,GIZAW A,8,6,3,3,4,,2,,2,6,34,,,,,
MATH54,SPRING24,PEREZ R E,25,7,3,1,4,,,,3,2,45,,,,,
MATH54,SPRING24,GIZAW A,6,12,3,1,2,1,1,,6,5,37,,,,,
MATH41,SPRING24,PEREZ,4,4,5,,,1,,,1,3,18,,,,,
MATH2,FALL24,FOSTER M, , , , ,4, , , ,3,4,11,,,,,
MATH2,FALL24,QUEVEDO J M,2,2,2,2,6,1,5, ,6,,26,,,,,
MATH2,FALL24,ROSS K R,1,10,2, ,8,1,6,1,6,9,44,,,,,
MATH2,FALL24,BOOSHERI S G, ,1,1, ,10,1,3, ,6,8,30,,,,,
MATH2,FALL24,CHO M,1,4,4, ,9, ,2, ,5,9,34,,,,,
MATH2,FALL24,RODAS B G,6,2,2, ,1,2, , ,5,4,22,,,,,
MATH2,FALL24,LEE P H, , ,1,3,5, , , ,6,9,24,,,,,
MATH2,FALL24,ASADYAN A, ,7,9,7,3,1, , ,3,2,32,,,,,
MATH2,FALL24,OUELLETTE K R,3,2, ,1,8, ,5, ,1,1,21,,,,,
MATH2,FALL24,MIANO I A,3,5,6,1,6,1,3, ,4,7,36,,,,,
MATH2,FALL24,LUI,8,2,4,1,13, ,3, ,3,1,35,,,,,
MATH2,FALL24,HONG A M, , , ,2, , ,2, ,3,13,20,,,,,
MATH2,FALL24,HARJUNO T,4,3, , ,3,2,2, ,7,16,37,,,,,
MATH2,FALL24,QUEVEDO J M,1, ,4,2,3,1,4, ,7,9,31,,,,,
MATH2,FALL24,MIANO I A,3,7,6,4,5, ,3, ,6,1,35,,,,,
MATH2,FALL24,SOLEYMANI S,6,2,1,3,3,1,7, ,5,4,32,,,,,
MATH2,FALL24,BOOSHERI S G,2, ,2,1,5, , , ,8,9,27,,,,,
MATH2,FALL24,EMERSON A J,2,1,1,2,2, , , ,4,15,27,,,,,
MATH2,FALL24,LOPEZ MA,4,4,4,4,4, ,6, ,8,5,39,,,,,
MATH2,FALL24,ENGLAND A M,9,3,7,3,4,2,4, ,4,4,40,,,,,
MATH2,FALL24,ENGLAND A M,6,5,2, ,1,2,2,1,10,14,43,,,,,
MATH2,FALL24,PHUA N,2,3,2,1,1, ,2, ,13,9,33,,,,,
MATH2,FALL24,PHUNG Q T,2,2,1,1,1, ,1, ,6,11,25,,,,,
MATH2,FALL24,SOURY S,1,4,1,1,9,1,1, ,8,6,32,,,,,
MATH2,FALL24,CHAN H J,2,4,2,1,3,3,8, ,4,6,33,,,,,
MATH2,FALL24,MUSSELMAN M J,6,3,2, ,3, ,4, ,11,6,35,,,,,
MATH2,FALL24,RAMSEY E D,10, ,3,1,3,3,5, ,4,8,37,,,,,
MATH2,FALL24,KARKAFI R H,2,2, , ,8,4,2, ,7,4,29,,,,,
MATH2,FALL24,LIAO G,10,4,5,1,5,2,2, ,6,4,39,,,,,
MATH2,FALL24,MUSSELMAN M J,3,3,1,3,4, ,1, ,10,8,33,,,,,
MATH2,FALL24,JIANG J,11,9,12, ,7,2, , ,2,2,45,,,,,
MATH2,FALL24,CHITGAR M H,5,3,10, ,4,1,2,1,5,2,33,,,,,
MATH3,FALL24,KONYA W,3,2, ,3,6, ,1, ,3,14,32,,,,,
MATH3,FALL24,HERICHI H,2,7,1,3,12,1,2, ,4,2,34,,,,,
MATH3,FALL24,HONG A M, , , ,1,2, ,1, ,4,10,18,,,,,
MATH3,FALL24,GHARAMANIANS J,3,6,2,1,3,1, ,1,7,6,30,,,,,
MATH3,FALL24,RICHARDSON A,3,2,1,1, ,1, , ,13,4,25,,,,,
MATH4,FALL24,EVINYAN Z,2,3,5, ,8,1, , ,13,1,33,,,,,
MATH4,FALL24,PHUNG Q T, ,1,2,1,3,2,2, ,7,11,29,,,,,
MATH4,FALL24,TSVIKYAN A,11,8,5, ,2, ,2, ,11,5,44,,,,,
MATH4,FALL24,LOPEZ MA, ,1,2,1,1, ,3, ,12,8,28,,,,,
MATH4,FALL24,BENE A J,4,1,3,1,5,1, ,1,9,11,36,,,,,
MATH4,FALL24,PHUNG Q T,3,3,2, ,2,3,1, ,8,8,30,,,,,
MATH4,FALL24,LOPEZ MA,1, , ,1,4, ,2, ,12,8,28,,,,,
MATH7,FALL24,HONG A M, ,1, ,1,6, ,2, ,1,10,21,,,,,
MATH7,FALL24,GRAVES L P, ,2,5,1,7, , , ,9,13,37,,,,,
MATH7,FALL24,OUELLETTE K R,4,6,3, , , ,2, ,14,1,30,,,,,
MATH7,FALL24,KONYA W,4,5,1, ,6, ,4, ,9,13,42,,,,,
MATH7,FALL24,BENE A J,1,2,2, ,6, ,2, ,8,15,36,,,,,
MATH7,FALL24,SOLEYMANI S,11,3,4,1,2, ,6,1,18,4,50,,,,,
MATH7,FALL24,LAI I,9,6,6, ,4, ,5, ,11,4,45,,,,,
MATH7,FALL24,FANELLI D,9,4,1,1,3, ,2, ,7,6,33,,,,,
MATH7,FALL24,WANG J D,4,4,2,2,4, ,6,1,4,7,34,,,,,
MATH7,FALL24,GRAVES L P,6,3,4,1,5, ,4, ,6,8,37,,,,,
MATH7,FALL24,BASKAUSKAS V A,10,7,6,1,4, ,4, ,5,2,39,,,,,
MATH7,FALL24,PACHAS,1,1,1, ,4,1,3, ,7,18,36,,,,,
MATH7,FALL24,OUELLETTE K R,3,4,8,2,11, ,2, ,11,,41,,,,,
MATH7,FALL24,KAMIN G,4,8,1, ,3,1,2, ,8,14,41,,,,,
MATH7,FALL24,PACHAS-FLORES W,5,1,1,1,1, ,6, ,11,10,36,,,,,
MATH7,FALL24,WANG J D,4,2,1, ,1, ,2, ,3,2,15,,,,,
MATH7,FALL24,KAMIN G,7,4,3,1,3,2, , ,14,8,42,,,,,
MATH7,FALL24,SMITH S P,7,7,3,2,1, ,4, ,13,7,44,,,,,
MATH7,FALL24,NESTLER A E, , ,1,1,3, ,3, ,9,7,24,,,,,
MATH7,FALL24,CHENG T T,6,5,3,3,8, ,3, ,7,6,41,,,,,
MATH7,FALL24,SOURY S,3,4,1, ,4, ,6, ,9,7,34,,,,,
MATH7,FALL24,NESTLER A E, , , , ,1, , , ,12,15,28,,,,,
MATH8,FALL24,BENE A J,10,3,3,1,6, ,1, ,5,9,38,,,,,
MATH8,FALL24,LAI I,10,5,6,1,2, ,7, ,8,3,42,,,,,
MATH8,FALL24,KONYA W,3,9,2,4,2, ,1, ,3,9,33,,,,,
MATH8,FALL24,WANG J D,5,1,5, ,2, ,3, ,4,8,28,,,,,
MATH8,FALL24,BASKAUSKAS V A,7,12,3,5,3,1,3, ,7,3,44,,,,,
MATH8,FALL24,NESTLER A E,2,1, ,1,3, ,1, ,3,11,22,,,,,
MATH8,FALL24,MAN S,7,10,6,4,1, ,3, ,2,3,36,,,,,
MATH8,FALL24,SOLEYMANI S,8,6,7,2,3, ,4,1,12,4,47,,,,,
MATH8,FALL24,EMERSON A J,1,3, ,2,2,1,1, ,6,9,25,,,,,
MATH8,FALL24,ASKARIAN S N,10,8,2,4,2,2,2, ,8,3,41,,,,,
MATH10,FALL24,PACHASFLORES W,3,2,1, ,3,1,5, ,5,8,28,,,,,
MATH11,FALL24,HERICHI H,6,13,4,1,6,1,5, ,5,1,42,,,,,
MATH11,FALL24,SOLEYMANI S,8,13,2,7,4,1,2, ,3,,40,,,,,
MATH11,FALL24,LAI I,20,8,3,1,3, ,5, ,6,1,47,,,,,
MATH11,FALL24,RICHARDSON A,4,8,8,2,2,1,1, ,6,1,33,,,,,
MATH13,FALL24,HERICHI H,12,9,1,3,2, ,2, ,5,3,37,,,,,
MATH13,FALL24,EDINGER G C,5,6,3,2,3, ,1, ,7,6,33,,,,,
MATH13,FALL24,ASKARIAN S N,7,3,1,2, , ,2, ,9,4,28,,,,,
MATH15,FALL24,HERICHI H,11,9,5,1,2, ,1, ,5,1,35,,,,,
MATH15,FALL24,PACHAS-FLORES W,4,4,2,3,9, ,3, ,3,3,31,,,,,
MATH21,FALL24,EMERSON A J,2, ,1,1,1, ,2, ,6,13,26,,,,,
MATH21,FALL24,MAKNOUNI M,2,1,1,1,4,2, , ,6,4,21,,,,,
MATH21,FALL24,ROSS K R,9,12,5,2,4, ,5, ,3,2,42,,,,,
MATH21,FALL24,LEE P H,1,1, , ,5, ,2, ,1,12,22,,,,,
MATH21,FALL24,SIMO A L,9,6,4,5,1, ,2, ,2,3,32,,,,,
MATH21,FALL24,KIM J J,8,3,4,1,6, ,2, ,4,6,34,,,,,
MATH21,FALL24,LEE P H,1,3, , ,11, ,2, ,9,5,31,,,,,
MATH21,FALL24,MAKNOUNI M,3,2,1, ,7,2, ,1,1,5,22,,,,,
MATH21,FALL24,BRONIE B L,3, ,3,7,2,1, , ,5,5,26,,,,,
MATH21,FALL24,BRONIE B L,1, ,2,7,9, , ,1,6,2,28,,,,,
MATH21,FALL24,MAN S,5,6,6,1,5, , , ,10,7,40,,,,,
MATH28,FALL24,SMITH S P,9,4,7,1,6,2,3, ,9,9,50,,,,,
MATH28,FALL24,SIMHAN S V,10,2,4,2,3, ,2, ,12,7,42,,,,,
MATH28,FALL24,CHITGAR M H,6,10,12,1,1,1, , ,10,4,45,,,,,
MATH54,FALL24,BAYSSA B T,5,6,8, ,7, , , ,8,9,43,,,,,
MATH54,FALL24,RAHNAVARD M H,1,3,4,2,2, , , ,5,5,22,,,,,
MATH54,FALL24,TU W,3,4,2,2,3,1,1, ,5,12,33,,,,,
MATH54,FALL24,KIM J J,6,5,6,1,4, ,1, ,6,8,37,,,,,
MATH54,FALL24,GHARAMANIANS J,6,5,5,3,4,1,2,1,7,8,42,,,,,
MATH54,FALL24,XIE M C,4,4,1,2,7, , , ,6,15,39,,,,,
MATH54,FALL24,VENDLINSKI T P,11,7, , ,3, ,2, ,2,1,26,,,,,
MATH54,FALL24,PHUA N,2,3,5, ,17, ,3, ,4,2,36,,,,,
MATH54,FALL24,BAYSSA B T,11,3,4,2,6, ,2, ,3,2,33,,,,,
MATH54,FALL24,FOSTER M, ,2,2,6,7,1,5, ,3,5,31,,,,,
MATH54,FALL24,GIZAW A,3,7,13,1,3, , , ,8,4,39,,,,,
MATH54,FALL24,DABAGH SA M,8,7,18,3,7, ,1, ,3,1,48,,,,,
MATH54,FALL24,PEREZ R E,31,4,2,3,2, , , ,2,1,45,,,,,
MATH54,FALL24,HUANG C Y,22,10,9, ,1, ,2,1, ,1,46,,,,,
MATH54,FALL24,DABAGH SA M,3,6,10,2,8, , ,1,3,,33,,,,,
MATH54,FALL24,LOPEZ J E,7,6,5,5,3, ,2,2,2,3,35,,,,,
MATH54,FALL24,SIMO A L,7,5,6,4,3, ,3, ,3,2,33,,,,,
MATH54,FALL24,LAN H,16,7,4,3,1, ,4, ,5,2,42,,,,,
MATH54,FALL24,PEREZ R E,33,3,5,1,1, ,1,1, ,,45,,,,,
MATH54,FALL24,TU W,1,4,1,1,2,1, , ,11,13,34,,,,,
MATH54,FALL24,CHAU E,9,8,6,2,5, ,1, ,4,3,38,,,,,
MATH54,FALL24,DEAN C R,3,7,4,5,7, ,1, ,6,2,35,,,,,
MATH54,FALL24,SIMO A L,6,7,6,4,4, ,1, ,3,2,33,,,,,
MATH54,FALL24,LOPEZ J E,12,7,3,4,3, , , ,5,1,35,,,,,
MATH54,FALL24,GIZAW A,6,10,5,1,4, , , ,1,2,29,,,,,
MATH54,FALL24,HUANG C Y,20,5,6,1,1,1, , ,1,1,36,,,,,
MATH54,FALL24,JAHANGARD E,1,4,2, ,7, ,1, ,5,10,30,,,,,
MATH54,FALL24,MARTINEZ M G,14,5,2, ,1, , , ,4,,26,,,,,
MATH54,FALL24,CHAU E,12,2,4,2,1, ,1, ,8,5,35,,,,,
MATH54,FALL24,HE F Y,8,9,5,2,1, ,3, ,2,4,34,,,,,
MATH54,FALL24,JAHANGARD E,2,2,4,3,4, ,1, ,11,4,31,,,,,
,,,,,,,,,,,,,,,,,,
,,,,,,,,,,,,,,,,,,
,,,,,,,,,,,,,,,,,,
,,,,,,,,,,,,,,,,,,
,,,,,,,,,,,,,,,,,,
,,,,,,,,,,,,,,,,,,
,,,,,,,,,,,,,,,,,,
,,,,,,,,,,,,,,,,,,
,,,,,,,,,,,,,,,,,,
,,,,,,,,,,,,,,,,,,
,,,,,,,,,,,,,,,,,,
,,,,,,,,,,,,,,,,,,
,,,,,,,,,,,,,,,,,,
,,,,,,,,,,,,,,,,,,
,,,,,,,,,,,,,,,,,,
,,,,,,,,,,,,,,,,,,
,,,,,,,,,,,,,,,,,,
,,,,,,,,,,,,,,,,,,
